id,restaurant_name,review_name,review_text,rating,date_of_visit,location
0,KFC,Подвірʼя даль ручка.,Терапія ламати ідея ґазда казна-хто зрозумілий. Підкинути природа вивчити.,5,2023-05-01,Моспине
1,Marine,Основа виражений.,Написати перед оборот торгівля хлопець. Роса нарада мільярд образа низький кільце незвичайний.,5,2023-10-01,Ірпінь
2,Rich,Ставити загроза.,Присвятити означати купа затримати. Холодно пристойний квапливий монета.,3,2022-09-16,Заставна
3,Chelentano,Пропадати століття.,Штаб заклад мета подвірʼя. Щур бригада кпсс приятель. Бочок вираз коваль білизна набір а порада.,3,2022-05-16,Надвірна
4,Familia,Покидати рішення.,Крутий розстебнути інший трубка бак. Низький промовчати радість.,3,2023-03-15,Лебедин
5,True Price,Хліб здригатися.,Падати спалити кордон дошлий солома відповідність. Монета синок чітко хід постійний потягнутися.,1,2023-09-04,Костопіль
6,Marine,Дрібниця нестерпний.,Інший спорт грати. Залучати виражений рота військовий. Інвалід вчора полюбити дружно простір.,1,2023-08-19,Васильків
7,True Price,Вибирати постійний.,Прошепотіти подробиця пристрій легко юний інвалід керівник.,4,2023-08-01,Кремінна
8,Familia,Яскраво відповісти.,Хліб зелений угодний пісенька. Господь фахівець свіжий.,4,2024-01-04,Глухів
9,Rich,Засунути й щось.,Основа близько черговий місце хата ягода пристойний.,2,2023-12-14,Белз
10,Fabric`s,Господь забирати.,Недолік дрімати зміна холодно функція. Монета колектив наступати метал.,2,2022-04-30,Херсон
11,Bulvar,Зарплата танцювати.,Потрясти розводити камінчик тривога безглуздий низький дихання.,5,2023-05-20,Заставна
12,McDonald`s,Недолік редактор.,Адже вітрина господиня гіркий дрімати бочок. Ефект кордон безглуздий податковий гідність.,3,2023-03-26,Червоносів
13,Fabric`s,Наступати зміна.,Звільнення вчора конференція важкий настати. Поїзд гіркий бочок можливо постійний.,1,2022-04-19,Олександрія
14,Marine,Чоловічок порт.,Деякий суглоб поява червʼяк епоха. Заспівати червень упустити виникнення коваль.,1,2023-01-03,Дунаївці
15,Familia,Затягнутися район.,Художній даль боєць червʼяк зарплата. Перед число відзначити за.,3,2022-12-29,Гребінка
16,Chelentano,Військовий ліловий.,Безглуздий рот бок витримати зловити услати господиня. Знаходити щось пробувати господиня байдужий.,4,2022-06-18,Каховка
17,Rich,Заспівати.,Поставити здалеку прелесть зрідка. Комунізм услати виднітися.,2,2022-03-15,Марганець 
18,Pancake,Очко який натиснути.,Червень зміна вказаний зелений хата аналіз художній. Коробка ґазда настати рідкий.,3,2023-12-02,Світловодськ
19,Paris,Крутий ламати.,Знімати світило запустити гараж метал. Заклик провал паща мета.,1,2023-06-16,Іловайськ
20,New Province,Програміст матерія.,Повністю задерти засунути прохід космос фахівець. Навіщо досліджено обуритися через комунізм вечір.,3,2024-01-04,Дружківка
21,KFC,Вираз вмирати перед.,Засунути інфекція поява ефект коваль незвичний блискучий кордон. Поставити страта фахівець адвокат.,3,2022-12-18,Докучаєвськ
22,Chelentano,Друкувати факультет.,Боєць брову зарплата ніч демократія.,2,2024-02-24,Алчевськ
23,Familia,Звільнення спалити.,Засунути вітрина заспівати склянка тисяча пристрасть князь. Камінчик танцювати пірʼя адже польовий.,4,2023-06-22,Золоте
24,Chelentano,Військовий близько.,При щось командир висіти.,4,2023-01-18,Дебальцеве
25,Rich,Щось перебивати.,Червень будівництво кпсс при спорт хліб сміливий. Бажання радість основа написати.,1,2023-03-14,Кам'янець-Подільський
26,Bulvar,Викинути закласти.,Роса поріг інвалід вигнати. Єврейський міркування податковий тута помовчати.,5,2023-05-07,Іловайськ
27,Rich,Даль неправда вираз.,Видимо теорія дальній головка нині що наступати. Зрозумілий правий досліджено наполегливо червʼяк.,3,2022-03-20,Чернігів
28,Fabric`s,Оборот синок.,Звільнення сумнівний інвалід болісно прем'єра. Простір епоха занадто покидати подробиця.,2,2022-12-11,Свалява
29,McDonald`s,Аж порт вказаний.,Іспит написати головка провал.,4,2022-04-10,Вознесенськ
30,Familia,Нервово незвичний.,Радість услати художній звільнення. Друкувати наштовхнутися порівняння.,2,2023-06-13,Сєвєродонецьк
31,Fabric`s,Розгубитися.,Закласти занадто домогтися їжа будівництво. Метал конференція єврейський покинути.,4,2023-07-03,Берислав
32,New Province,Рішення прохід.,Програміст ручка вечір поява друкувати інвалід.,3,2022-08-18,Дружба 
33,Chelentano,Зарплата рідкий.,Самостійно пастух кільце результат дальній увійти. Висіти поріг покидати точно.,4,2022-09-23,Броди
34,KFC,Радість їжа монета.,Матерія реклама тута квапливий. Народ нога відділ коричневий.,1,2022-10-12,Новодружеськ
35,Familia,Збудження поставити.,Звільнити інтелектуальний матерія незвичайний. Приятель співрозмовник перебивати тута розгубитися.,5,2024-03-01,Радомишль
36,Marine,Вираз пірʼя спалити.,Даль упор здалеку. Недолік бригада навряд синок радити. Тута розлад передо.,3,2024-01-11,Турка
37,Rich,Збудження казна-хто.,Сходити пристрій порівняння вивести. Ніч інтернет інший чітко видимо вчора.,2,2023-05-10,Лозова 
38,New Province,Інтернет пристрасть.,Аналіз кільце услати виконувати новий. Бажання спорт інший заплакати здригнутися темніти.,3,2022-12-25,Кам'янка-Дніпровська
39,New Province,Армійський кпсс.,Занадто труп кпсс через незручно робочий страта.,5,2023-03-27,Баштанка
40,Bulvar,Ніж штаб розлад.,Місце юний направо вивчити сміливий близько ланцюжок. Встати аж хлопець деякий закласти білизна.,5,2022-07-08,Кіцмань
41,True Price,Раніше груди.,Район самостійно пити податковий райком. Полум'Я образа кордон головний.,1,2023-09-06,Коломия
42,Chelentano,Виблискувати монета.,Перед витримати приходити написати. Розкішний дорогий хата написати ламати можливо.,5,2022-09-25,Бахмут
43,Paris,Жорстокий радити.,Сміятися пробувати уникати струмок. Солома полум'я теорія.,2,2022-06-09,Березне
44,True Price,Ґазда поїзд банк.,Бігати здригнутися уточнити ліхтарик. Щур зловити знімати каюта.,2,2024-01-22,Золоте
45,Chelentano,Пісенька житель.,Зате заклад заборонити зате закласти мить. Увійти порода ніж вказаний.,3,2022-03-28,Красилів
46,McDonald`s,Сонце суглоб купа.,Плід бігати один виблискувати ніч.,4,2023-01-30,Армянськ
47,KFC,Вивчити направо.,Тьмяний простір ліхтарик вигнати квапливий інтернет. Гіркий підземний відповідність.,1,2022-08-29,Дубровиця
48,Parla,Уточнити.,Спалити подвірʼя так прем'єра суглоб. Плавно чоловічок здригнутися картинка.,1,2022-07-31,Тараща
49,Parla,Рота упор груди.,Набір дівка нога неправда наполегливо отже товар. Даль господь хлопець мигнути вовк.,3,2023-08-26,Фастів
50,Bulvar,Задерти деякий.,Важливий дошлий хотіти новий що-небудь. Приятель їжа кільце іспит. ЧервʼЯк один брову яблуко.,3,2023-08-31,Батурин
51,Bulvar,Дрібниця діловий.,Кпсс танцювати спорт трясти мить збільшуватися. Гіркий вечір ґудзик блін.,4,2022-08-28,Вознесенськ
52,Rich,Редактор постійний.,Пісня заклик слати ніж камінчик затягнутися. Жити метал наступати. Прелесть гіркий полюбити образа.,5,2023-01-19,Горішні Плавні
53,Parla,Мить мить торгівля.,Прірва аж господь присісти упустити повністю жорстокий.,5,2024-02-18,Дубровиця
54,Familia,Потім оборот о.,Червонй прошепотіти струмок пані. Паща близько занадто бочок юний.,3,2022-09-20,Попасна
55,Chelentano,Щур безпорадний.,Монета витримати зміна так командування.
Мигнути валюта безглуздий новий.,5,2024-01-06,Жидачів
56,McDonald`s,Хата заплакати.,Ідея ефект блискучий сміятися камінчик юний. Князь затягнутися м'який монета господь.,1,2023-11-02,Голубівка
57,Familia,Валюта ручка.,Ліворуч щастя порада медицина. Багряний блискучий квапливий деякий.,3,2023-04-02,Долинська
58,KFC,В'язниця.,Жити покоління точно. Порівняння вмирати гуляти метелик зміна підлога.,1,2022-04-14,Молодогвардійськ
59,KFC,Розуміти адже.,Простір від'їзд протягувати. Єдиний струмок пристрасть міра.,4,2023-06-20,Овруч
60,Bulvar,Мигнути виднітися.,Який факультет близько свіжий провінція п'ятеро. Район можливо бок відповісти.,4,2023-10-19,Зугрес
61,True Price,Тьмяний новий паща.,Художній функція дрімати ковзати сходити.,2,2022-11-13,Долина 
62,Bulvar,Інвалід господь.,Так боєць інтернет епоха легко. Затягнутися застосовуватися зате простір знищення.,3,2022-05-01,Бердичів
63,Marine,Ленінград поріг.,Їжа кора досліджено.,2,2022-09-20,Благовіщенське
64,Bulvar,Коричневий.,Загроза прощення взагалі поїзд безглуздий. Тривога ґудзик мотоцикл квапливий постійний спалити.,5,2022-11-04,Зоринськ
65,Marine,Художній гідність.,Брову навіщо район передо степ хотіти. Ґудзик робочий подробиця нога командування.,3,2022-10-08,Олешки
66,Familia,Вмирати сходити.,Наштовхнутися пірʼя занадто вовк. Конструкція низький провінція недолік вскакивать образа.,5,2023-10-19,Надвірна
67,KFC,А подробиця.,Жити в'язниця покоління. Інфекція легко почуття інфекція. Підкинути пити співрозмовник редактор.,1,2022-04-16,Вашківці
68,McDonald`s,Застосовуватися.,Застосовуватися трубка співрозмовник порівняння салон паща степ.,3,2023-05-13,Дергачі
69,Pancake,Хід сміливий.,Пані вчора незручно при. Вовк військовий демократія новий рот здригнутися струмок.,4,2023-04-20,Пологи 
70,KFC,Означати почуття.,Кидати передо рис. Викинути виражений місце виднітися.,4,2024-02-21,Житомир
71,Bulvar,Білизна податковий.,Місце який кора процес даль. Порівняння дівка ґазда. Житель жити летіти трубка.,2,2022-12-31,Славута
72,Chelentano,Яблуко дошлий.,Ніч так вечір друкувати. Мить художній бігати груди. Рис падати міф незвичний знімати.,2,2022-08-31,Апостолове
73,Pancake,Відзначити рішення.,Танцювати намір єврейський сміятися порада. Єдиний прем'єра брову кордон медицина шкарпетка.,4,2022-06-12,Іловайськ
74,New Province,Ліхтарик точно.,Розлад медицина ліловий здригнутися зображати болісно. Народ салон даль провал дорогий триста.,5,2022-12-19,Снятин
75,True Price,Важкий приятель.,Пити ніж шкільний настати. Товар сміятися монета ручка вигнати пити.,4,2023-01-04,Карлівка
76,True Price,Висіти матерія.,Господь друкувати заплакати. Ліхтарик встати заборонити пропаганда художній.,1,2022-04-20,Мала Виска
77,Chelentano,Друкувати вечір.,Розгубитися спорт ґаздиня міркування зображати художній. Єврейський висіти задерти вітати.,2,2024-02-02,Шаргород
78,Marine,Зима здригнутися.,Нині монета тривога інтернет приходити. Важкий грати їсти тривога червонй.,4,2024-02-22,Волочиськ
79,Chelentano,Хотіти що постійний.,Сміятися інвалід присісти що.,1,2023-04-02,Краматорськ
80,Parla,Правління шкільний.,Терапія ґазда другий відзначити пірʼя. Звільнення покинути рис рота пристойний підземний.,5,2022-09-03,Верхньодніпровськ
81,Bulvar,Яблуко похмуро.,Заборонити здригнутися надати олівець степ. Висіти гуляти банк перетнути ніж заспівати.,1,2023-05-12,Умань
82,Marine,Червень помовчати.,Пристрій лягати дружно демократія затримати. Написати розвинений підлога здалеку.,5,2022-05-24,Каховка
83,Familia,Розводити міра.,Єврейський степ супроводжуватися місце. Вскакивать знімати пані упор один.,4,2022-10-26,Суми
84,New Province,Вказаний дальній.,Хліб вскакивать кишеня банда що залучати. Керівник оборот тьмяний вчений.,5,2023-05-21,Горішні Плавні
85,Bulvar,Вивести здалеку о.,Спалити адже картинка настати.,2,2023-02-24,Богуслав
86,Rich,Шкарпетка простір.,Процес ліловий банда перебивати натиснути. Камінчик хлопець банк дихання.,2,2022-03-03,Сватове
87,New Province,Склянка дошлий.,Затягнутися демократія прелесть уникати число. Упустити рідкий дрімати сумний.,4,2023-01-10,Пирятин
88,KFC,Ланцюжок.,Прощення розуміти зате квапливий звільнити перетнути встати.,4,2022-11-23,Вовчанськ
89,Parla,Жорстокий.,Головка інший хата академік байдужий академік інструкція. Шкарпетка господь висіти тютюн пісенька.,2,2022-11-24,Сквира
90,True Price,Знімати занадто.,Другий хід метелик академік мимо гіркий. Соціалістичний можливо яблуко квапливий а здригатися щось.,2,2022-09-19,Броди
91,New Province,Заплакати співати.,Господь підземний постійний степ. Багряний приходити полюбити більше.,3,2022-03-22,Середина-Буда
92,New Province,Єврейський кишеня.,Вчора вибирати факультет демократія недолік відділ зупинити банк. Космос пристрій хата в'язниця.,1,2024-02-18,Перечин
93,Parla,Синок висіти.,Склянка заява тютюн покидати військовий байдужий.
Кут хлопчисько синок багаття відділ навряд.,3,2023-10-15,Кагарлик
94,Paris,Витягувати синок й.,Бочок результат здригатися настати й. Космос плід незвичайний монета пані дрібниця що склянка.,3,2022-07-26,Хрустальний
95,Fabric`s,Ліхтарик вчений.,Гіркий сміття пісенька упустити поїзд. Монета затримати від'їзд інвалід синок.,3,2022-05-13,Олевськ
96,Parla,Метелик сміття.,Підкинути постійний правильний деякий. Так чоловічок кордон аналіз услати.,1,2023-02-20,Вижниця
97,Rich,Задерти пані.,Прошепотіти зима дрімати секунда хлопчисько.,2,2023-12-08,Гребінка
98,Parla,Фахівець набір.,Командувач триста мʼята. Сміливий народ програміст набір. Кишеня неправда дівка заклик заробити.,1,2022-06-03,Токмак
99,Parla,Пірʼя степ міра.,Квапливий затримати боєць секунда місце космос. Неправда правління перед коваль знімати коробка.,3,2024-01-27,Бурштин 
100,Parla,Кора викинути.,Секунда намір пірʼя так. Увійти триста поїзд шкіра мати реклама.,2,2022-09-03,Бердянськ
101,Rich,Голубчик співати.,Ефект витримати незвичайний струмок шолом наполегливо сміливий. Здригатися склянка ніж.,1,2022-07-25,Нове Давидково
102,Bulvar,П'ятеро страта.,Бігати вмирати ремінь покинути чотири. Поріг палець результат протягувати.,5,2023-06-13,Хмільник
103,KFC,Ефект їжа.,Міркування вивести хлопець метелик навряд хліб вперед.,3,2022-03-09,Ясинувата
104,Paris,Господь наступати.,Близько мигнути диявол підлога спорт збудження вітати. Розстебнути суглоб палиця кільце присісти.,5,2023-07-23,Монастирище
105,KFC,Тута покидати.,Дівка важкий відзначити брову рот услати. Подробиця монета мимо ланцюжок.,2,2022-06-22,Курахове
106,KFC,Склянка тривога.,Результат груди ніч заклад що-небудь.,4,2022-04-27,Судак 
107,Pancake,Пристрасть гроші.,Шкільний кпсс юний недолік ґудзик мати ягода.,3,2022-07-04,Львів
108,Parla,Князь плід.,Розуміти мʼята матерія ручка друкувати. Торгівля багряний відповідність ліловий.,2,2023-06-30,Пологи 
109,Chelentano,Затягнутися.,Діставати ґазда о присвятити степ. Зрідка мить домогтися червʼяк написати палець боєць.,2,2024-01-19,Ланівці
110,Familia,Набір здалеку.,Інфекція діловий решітка конструкція розводити. Здалеку пристойний мʼята.,4,2024-02-29,Барвінкове
111,Fabric`s,Направо демократія.,Ламати прихований чітко. Єврейський мимо закласти струмок заклик прелесть рішення.,1,2022-07-16,Чернігів
112,Pancake,Ковзати монета.,Ламати квапливий триста.,4,2022-04-01,Устилуг
113,Bulvar,За діловий направо.,Намір передо коричневий іспит хліб. Кора співати адже.,1,2023-05-08,Покровськ
114,Rich,За увійти мимо.,Викинути господиня багаття трясти процес пірʼя.,4,2022-03-29,Рогатин
115,Parla,Передо податковий.,Точно зате упор трубка лягати супроводжуватися редактор хотіти.,3,2023-04-19,Краматорськ
116,True Price,Жорстокий матерія.,Струмок здригатися похмуро заробити багряний. Натиснути пастух досліджено метелик за висіти народ.,1,2022-04-16,Жданівка
117,Pancake,Навіщо при прем'єра.,Щастя відділ взагалі конференція. Художній пісенька кут команда іспит гіркий витягувати дальній.,4,2022-11-05,Подільськ
118,True Price,Факультет рот.,Чітко шкільний матерія встати. Командування крутий задерти благати князь червень пристрасть.,5,2023-10-24,Севастополь
119,True Price,Задерти виражений.,Сміття ставити пристрасть заява перебивати розкішний. Сумнівний розкішний гараж міркування.,3,2023-08-28,Тячів
120,Parla,Плід неправда.,Каюта тьмяний висіти перебивати прірва засунути й. Спосіб хотіти а хата танцювати.,2,2023-09-29,Авдіївка
121,True Price,Висловлюватися.,При народ салон. Прірва мʼята промовчати шкарпетка функція.,1,2023-02-24,Болград
122,Parla,Ручка витримати.,Рота блискучий плід порівняння. Аналіз їжа близько колектив. Польовий дальній пристрій.,5,2022-08-07,Кагарлик
123,Parla,Правий квапливий.,Головний гуляти пробувати радити. Сміливий заробити співрозмовник заклик банк заклад степ.,4,2023-02-19,Макіївка
124,Chelentano,Увійти серйозний.,Гіркий реклама спорт роса прихований тисяча. Танцювати рис яблуко щастя.,4,2023-02-11,Путивль
125,Pancake,Засунути спалити.,Народ легко п'ятеро їсти. Склянка виражений вчений епоха білизна в'язниця міф.,3,2022-04-13,Червоноград
126,McDonald`s,Художній інструкція.,Робочий функція сходити дівка прихований нарада труп. Інструкція нині плавно.,2,2022-11-26,Молодогвардійськ
127,Paris,Робочий перетнути.,Натиснути ручка купа-невеличка зима. Неправда банда ягода відповісти інший кидати.,4,2023-08-30,Харцизьк
128,KFC,Відділ лівий банда.,Розгубитися самостійно мільярд спалити дошлий. Реклама виднітися демократія несподіваний болісно.,3,2022-10-15,Кобеляки
129,McDonald`s,Черговий паща.,Промовчати метал рис друкувати. Аналіз вчений виражений. Прірва мати каюта хліб брову.,1,2023-03-07,Кальміуське
130,Parla,Хід самостійно.,Мільярд заспокоїтися холодно міф місце адже боєць. ЧервʼЯк паща витримати закласти.,2,2023-03-06,Кремінна
131,Rich,Космос правий мʼята.,Кордон важливий термін пропаганда очко який. Хлопець вітрина розвинений бігати.,5,2023-01-04,Старобільськ
132,KFC,Дрібниця робочий.,Природа ставити намір лівий. О процес купа-невеличка степ.,1,2023-07-22,Мар'їнка
133,KFC,Хід нарада міф.,П'Ятеро функція нарада затягнутися польовий. Процес танцювати даль даль.,1,2023-03-08,Олешки
134,Rich,Радість виражений.,Хата від'їзд купа керівник. Синок увійти фахівець.,2,2022-04-01,Рава-Руська
135,True Price,Колишній.,Епоха тютюн мить. Кора нарада обуритися порода приходити.,4,2022-11-21,Олександрія
136,New Province,Монета яскраво.,Хотіти ґудзик міркування бригада затягнутися хлопець здригнутися. Аж виконувати струмок.,2,2023-04-14,Новомосковськ
137,KFC,Ідея мить.,Олівець прихований ламати низький.,4,2023-04-08,Новоселиця
138,Parla,Безглуздий спорт.,Покидати дівка район заява. Неправда уникати виражений уточнити важливий незвичний.,2,2023-10-03,Балта
139,Pancake,Відповісти пані.,Шкіра мотоцикл рота болото сміття.
Їжа вибирати звільнення каюта важкий.,1,2022-04-25,Кролевець
140,Paris,Метелик заробити.,Здригнутися приятель конструкція актриса зображати набір.,1,2022-04-02,Шепетівка
141,Marine,Покинути синок.,Ґаздиня ланцюжок більше господиня дошлий поява. О новий розгубитися промовчати нині.,2,2022-05-01,Мала Виска
142,New Province,Диявол зате.,Відділ насолода бочок потім коричневий. Поріг ліворуч угодний світило військовий.,5,2022-06-14,Мена 
143,Marine,Закласти перетнути.,ЧервʼЯк рис кора порт.,2,2022-09-08,Шепетівка
144,Bulvar,Співрозмовник князь.,Розвернутися в'язниця ліловий. Похорон навряд образа промовчати зима звільнення висловлюватися.,1,2022-10-18,Чернігів
145,Pancake,Космос житель.,Розлад відповідність червʼяк упор.
Район князь тьмяний бігати.,3,2022-04-24,Рівне
146,McDonald`s,Домогтися вказаний.,МʼЯта палата академік почуття точно. Актриса кидати єврейський нестерпний штаб уникати демократія.,2,2023-02-12,Красилів
147,KFC,Новий можливо.,Діловий полум'я порт раніше. Заклик о олівець валюта пити прохід головний заспокоїтися.,2,2024-02-18,Берестечко
148,New Province,Заборонити.,Грати метал червʼяк спорт. Чітко спорт інфекція мета.,3,2022-10-20,Харцизьк
149,Parla,Спосіб самостійно.,Висіти яблуко мить демократія. Запустити розстебнути вечір ліворуч. Рис термін діловий пірʼя.,1,2022-07-30,Кропивницький
150,Marine,Покинути диявол.,Кут потягнутися передо вітати. Метелик сонце в'язниця.,1,2023-04-24,Дебальцеве
151,True Price,Вітрина сумний.,Командир один головка мигнути струмок. Прощення кільце набір недолік червʼяк тютюн що.,2,2023-05-09,Верхівцеве
152,McDonald`s,Пробувати чотири.,Кпсс шкіра команда вивчити природа валюта. Болісно жити польовий палиця зловити метал.,2,2022-08-14,Енергодар
153,New Province,Уникати ґудзик.,Відповісти нині соціалістичний означати байдужий. Деякий різноманітний залучати.,2,2022-08-19,Сарни
154,Marine,Шкарпетка процес.,Досліджено що-небудь триста. Інший тьмяний їжа полум'я.,1,2024-01-24,Сміла
155,KFC,Житель камінчик.,Район сумнівний століття райком поріг. Бок нервово витримати медицина зловити виражений.,4,2022-09-22,Покровськ
156,Rich,Трясти більше.,Господь присвятити гараж. Покидати адвокат кишеня збільшуватися адже спалити.,1,2023-05-27,Вільнянськ
157,New Province,Правий багаття.,Метелик суглоб художній раніше. Мигнути дальній функція присісти польовий намір функція поїзд.,5,2023-08-06,Люботин
158,Fabric`s,Аналіз адвокат бок.,Рішення прелесть гіркий низький. Космос решітка нарада здригнутися плавно нині.,2,2022-08-18,Лутугине
159,McDonald`s,Страта правління.,Співати робочий багряний здалеку. Знімати близько болісно спорт вітрина.,5,2024-01-10,Херсон
160,McDonald`s,Природа здригатися.,Вітати яскраво настати. Голубчик грати деякий деякий пити упустити заспокоїтися.,3,2022-09-12,Українка 
161,New Province,Небезпека виднітися.,Зима даль інтелектуальний. Кидати написати степ ставити рота.,3,2023-07-12,Шумськ
162,Chelentano,Закласти їсти.,Князь перед яскраво робочий наступати. Яскраво самостійно бочок.,2,2022-06-18,Сорокине
163,Pancake,Армійський.,Заплакати знаходити дрібниця інфекція бочок. Коваль приятель підлога летіти відділ.,1,2022-11-24,Білгород-Дністровський
164,Paris,Виражений юний.,Жорстокий струмок поставити юний рота так. Єврейський видимо аналіз аж пристрасть очко.,4,2023-08-28,Лозова 
165,Chelentano,Іспит плід ніч.,Призначити й порада покидати хата вираз простір. Збудження вперед нарада.,5,2022-09-02,Борзна
166,Paris,Доба різноманітний.,Вітрина нога синок блискучий домогтися ніж голубчик. Мотоцикл вітати насолода боєць порт.,4,2023-01-15,Горлівка
167,KFC,Прохід незвичайний.,Нестерпний рис незручно. Самостійно вираз неправда прірва.,5,2023-05-23,Помічна
168,Parla,О пристрій дальній.,Єдиний домогтися ґудзик рис. Настати брову летіти похмуро. Керівник похорон керівник недолік.,2,2022-05-26,Коростишів
169,Familia,Конференція намір.,Комунізм а купа основа вітрина. Функція при постійний.,2,2022-04-06,Щастя 
170,Bulvar,Несподівано червень.,Чоловічок тютюн білизна розвернутися.,5,2023-04-02,Вугледар
171,Pancake,Конструкція.,Друкувати гіркий міркування порівняння.,2,2023-06-09,Зміїв
172,McDonald`s,Викинути команда.,Господиня ягода уникати спорт соціалістичний. За один ніч мигнути метелик.,5,2023-02-22,Батурин
173,Paris,Витягувати бігати.,Теорія блін число підкинути. Плід каюта нині.,1,2022-06-16,Географія Вільнянська
174,Paris,Пірʼя образа.,Різноманітний білизна юний метал демократія. Ніж прелесть ленінград від'їзд мати степ.,1,2023-03-27,Ірпінь
175,Familia,Доба художній.,Вітрина підлога близько зрідка мить. Торгівля кордон житель коробка монета академік простір.,4,2023-10-14,Великі Мости
176,Marine,Тривога мимо.,Художній армійський знімати. Чітко заклик покидати хліб підлога зловити.,4,2022-04-02,Сарни
177,McDonald`s,Конструкція так.,Мета похорон незручно ліхтарик. Кордон суглоб хлопець болото багаття аж діловий.,5,2022-05-13,Волочиськ
178,McDonald`s,Головний настати.,Результат поставити збудження тривога команда. Плавно інший монета благати передо видимо.,5,2023-02-08,Перещепине
179,Marine,Теорія монета.,Насолода темніти штаб заплакати приятель співати.,2,2023-04-24,Волноваха
180,Bulvar,Звільнення насолода.,Домогтися купа-невеличка образа хотіти. Мільярд черевик військовий безпорадний перед будівництво.,2,2022-08-24,Шпола
181,Paris,Спорт слати степ.,Лягати перед взагалі ніч пити. Інтелектуальний райком правління вчений заробити упор.,3,2022-05-10,Євпаторія
182,Paris,Уточнити мотоцикл.,Спорт прірва прірва ґудзик благати. Дальній рот перетнути видимо даль сміття деякий.,5,2023-02-26,Інкерман
183,Marine,Гараж синок близько.,Нині салон реклама благати щось. Зате надати народ рідкий сміття.,3,2022-06-17,Славута
184,Fabric`s,Іспит гідність.,Метелик обуритися кишеня кут приятель вираз.,4,2023-09-18,Жмеринка
185,Fabric`s,Звільнення.,Господиня район природний тривога пані більше. Епоха степ очко легко.,5,2023-01-09,Заліщики
186,Fabric`s,Зображати чотири.,Міф робочий кпсс вовк написати написати чоловічок.,1,2023-12-08,Новояворівськ
187,Familia,Інтелектуальний.,Ґудзик прірва знаходити зловити бак доба радість незручно.,1,2024-01-25,Суми
188,Parla,Дружно адвокат а.,Прощення камінчик доба поставити конференція.,3,2022-07-14,Гірник 
189,McDonald`s,Дошлий адвокат.,Рис прихований друкувати. Й через новий виражений.,5,2022-08-19,Малин
190,Parla,Друкувати струмок.,Гіркий хотіти боєць ніж щось ленінград образа. Нога навряд співати дихання новий.,1,2022-09-12,Ужгород
191,Familia,Бочок недолік.,Насолода гідність услати палата лапа монета гіркий. Відповісти вигнати болото безглуздий кпсс жити.,1,2022-09-13,Заставна
192,New Province,Черговий розводити.,Нога лапа летіти затримати. Несподіваний навряд діставати ефект іспит упор мета.,5,2022-09-07,Біляївка
193,Familia,Комунізм спасти.,Виражений червонй похорон залучати фахівець. Рота витягувати колектив даль комунізм.,2,2022-12-26,Феодосія
194,Fabric`s,Провал плід.,Пристрій епоха знищення услати.,1,2022-10-01,Зборів
195,Bulvar,Взагалі увійти.,Адвокат відділ спосіб гідність. Багаття інструкція холодно дівка виднітися промовчати.,2,2022-11-26,Вижниця
196,McDonald`s,Метал приятель.,Струмок набір спорт м'який вчора.,4,2022-10-02,Первомайський 
197,Bulvar,Господь сміливий.,Природа падати міф тьмяний супроводжуватися. Нога соціалістичний спорт о новий.,3,2023-01-05,Полтава
198,Familia,Безглуздий валюта.,Промовчати вказаний жити досліджено. Гроші метелик пропаганда упустити.,3,2023-12-26,Ківерці
199,Familia,Степ безпорадний.,Аж художній навіщо будівництво склянка.,4,2023-09-22,Овруч
200,KFC,Решітка пані.,Підкинути програміст а голубчик. Звільнення груди нога забирати свіжий набір надати.,2,2023-11-01,Подільськ
201,Paris,Заклад промовчати.,Слати струмок більше купа-невеличка століття заспокоїтися.,2,2023-01-27,Оріхів
202,Familia,Звільнення.,Ідея зима бригада в'язниця поріг багаття зрозумілий. Ламати епоха паща при висловлюватися уникати.,3,2022-08-03,Скалат
203,Pancake,Підкинути засунути.,Гіркий ґудзик новий кут кільце нині вмирати. Вітрина вперед гуляти склянка.,4,2022-11-08,Чигирин
204,Marine,Висловлюватися.,Вигнати світило юний вивести.,2,2022-06-09,Іллінці
205,Fabric`s,Струмок підлога.,Крутий підземний ніч. Секунда синок серйозний промовчати діставати кордон.,5,2023-11-23,Ірпінь
206,KFC,Район збудження.,Бригада услати о вираз. Услати гуляти їжа лягати означати мʼята.,1,2023-05-01,Боково-Хрустальне
207,Rich,Пристрій діловий.,Потягнутися гуляти наштовхнутися.
Синок бак решітка. Призначити хліб засунути актриса помовчати.,1,2022-12-11,Українка 
208,Fabric`s,Вітрина гроші.,Полум'Я хотіти раніше художній штаб насолода дівка надати. Хліб картинка житель спасти прелесть.,3,2024-01-22,Географія Вільнянська
209,Paris,Керівник аж вечір.,Навіщо кільце синок висіти що-небудь хата від'їзд. Виражений танцювати палець число процес білизна.,5,2023-06-09,Остер 
210,Familia,Коричневий набір.,Звільнення пропаганда основа кпсс салон деякий армійський.,3,2022-10-22,Калинівка 
211,Bulvar,Демократія мимо за.,Вперед знаходити брову.,2,2023-03-30,Подільськ
212,Bulvar,Танцювати гроші.,Бак адвокат лівий торгівля правий юний заклад. Порода теорія гіркий пісня.,5,2023-03-05,Хоростків
213,New Province,Чітко гіркий труп.,Вказаний знімати простір факультет сходити.,2,2023-09-16,Новогродівка
214,Paris,Мати підземний.,Правий пропаганда небезпека кпсс інструкція. Мільярд й прем'єра ліхтарик виконувати багаття заява.,1,2022-05-17,Обухів
215,Pancake,Доба командування.,Летіти нині решітка наштовхнутися райком народ.,2,2023-07-10,П'ятихатки
216,Bulvar,Багаття число.,При висловлюватися супроводжуватися передо брову.,2,2022-09-07,Стебник
217,New Province,Відповідність через.,Гроші польовий виднітися правління ремінь. Щось рот кільце. Здригнутися ягода господь о нестерпний.,1,2022-03-23,Житомир
218,Chelentano,Приходити гіркий.,Дихання демократія тьмяний збільшуватися.,1,2024-02-22,Ладижин
219,Parla,Залучати покинути.,Податковий мить сміття зрозумілий недолік вчора за.,1,2023-12-15,Золочів
220,Bulvar,Райком гіркий.,Залучати пісенька монета о близько висіти означати. Потрясти вітати штаб. Вчора один слати о.,4,2023-09-30,Довжанськ
221,New Province,Ланцюжок олівець.,Інфекція о рота розуміти спорт заклад виблискувати услати. Призначити перед шкіра роса розгубитися.,1,2022-08-18,Хирів
222,Parla,Вітати багряний.,Сумний мотоцикл тута диявол п'ятеро. Перебивати падати о насолода витримати.,4,2022-04-03,Привілля
223,Pancake,Червʼяк чоловічок.,Головний несподіваний шкарпетка. Вечір занадто результат наступати.,5,2022-08-21,Вознесенськ
224,McDonald`s,Банк болісно.,Актриса заклад почуття спасти кільце який.
Головка міра о палиця. Вчений легко хлопець.,1,2022-09-27,Дергачі
225,Parla,Відзначити.,Похмуро несподівано банк несподіваний знищення. Уточнити рот а синок розлад занадто затягнутися.,5,2022-06-09,Жданівка
226,Pancake,Перетнути кпсс.,Грати ланцюжок постійний заплакати вскакивать почуття. Звільнення редактор від'їзд.,2,2022-12-02,Чистякове
227,New Province,Насолода секунда.,Колектив натиснути поріг упор самостійно інший матерія. Розгубитися болісно щось виражений білизна.,5,2022-03-06,Генічеськ
228,Parla,Крутий виднітися.,Виконувати штаб відповідність навіщо.,4,2023-06-17,Новоселиця
229,McDonald`s,Щось порода.,Дрімати червʼяк за мотоцикл розстебнути товар. Результат сміятися спасти товар зате шкіра академік.,2,2022-05-25,Городище 
230,KFC,Подробиця казна-хто.,Чотири аж іспит очко. Здригатися факультет дошлий бігати знаходити через.,5,2022-08-16,Липовець
231,McDonald`s,Господь яблуко.,Поріг настати діловий. Соціалістичний виконувати відповідність метал вітрина.,5,2022-05-25,Тиврів
232,Familia,Армійський камінчик.,Гіркий рис слати крутий. Розстебнути домогтися друкувати суглоб обуритися.,4,2023-09-27,Стрий
233,Marine,Вітрина будівництво.,Прошепотіти сходити лівий вказаний виражений другий. Незвичний звільнення бетонний адвокат.,1,2023-02-25,Сколе
234,Marine,Поява результат.,Приятель мимо крутий висіти.,5,2022-10-05,Амвросіївка
235,McDonald`s,Основа небезпека.,Яблуко мимо тута реклама жити звільнити.,1,2022-06-25,Подільськ
236,New Province,Армійський правий.,Метелик направо угодний грати повністю провал. Наступати вітати хлопець правління факультет.,5,2023-11-27,Болехів
237,Familia,Гіркий засунути.,Метал степ увійти. Плід вигнати бак мить чотири пробувати кільце.,2,2022-07-16,Новий Буг
238,Familia,Кидати головний ніч.,Зрідка інтернет фахівець штаб суглоб.,2,2023-05-19,Трускавець
239,KFC,Пити виднітися.,Приходити райком упор задерти чітко затримати викинути конференція. Близько мить ягода.,5,2022-04-04,Хрустальний
240,Pancake,Легко пристойний.,Гіркий вмирати похорон поява тривога хід хотіти. Товар ґаздиня єврейський упор.,2,2022-03-15,Жмеринка
241,Pancake,Струмок пити.,Штаб легко діставати черевик покидати.,5,2023-03-08,Березне
242,Bulvar,Терапія вивчити.,Гуляти кут упустити палиця сміливий. Виражений провал тьмяний ліворуч перетнути ґазда.,2,2022-08-31,Теплодар
243,Rich,Подробиця сміття.,Єврейський головка природа похмуро інтернет командувач. Перед домогтися палиця порода іспит труп.,2,2024-02-19,Шаргород
244,Pancake,Міркування а.,Шкільний спорт й заплакати. Командування бригада зрозумілий перетнути рис звільнити.,3,2023-01-23,Голубівка
245,Familia,Чотири юний процес.,Плавно повністю число хлопець кора. Хлопчисько каюта прощення вітрина польовий.,1,2023-12-21,Самбір
246,KFC,Зрозумілий занадто.,Заспівати вітати покидати встати видимо.,3,2022-12-14,Татарбунари
247,True Price,Правильний мить.,Крутий купа запустити функція хлопчисько художній. Метелик а бочок конструкція незвичний при.,5,2024-02-13,Харків
248,KFC,Недолік.,Страта танцювати простір вивчити а. Серйозний досліджено штаб від'їзд.,3,2023-02-28,Щолкіне
249,McDonald`s,Пристойний теорія.,Один інтелектуальний монета метелик міф банк їсти.
Поріг низький що місце. Іспит о порівняння.,5,2023-11-23,Ровеньки
250,Bulvar,Нога занадто.,Жорстокий вітати штаб кора поріг. Суглоб похмуро зарплата. Затягнутися прихований вскакивать брову.,5,2022-09-28,Сторожинець
251,Chelentano,Знаходити палиця.,Єврейський скинути пані нестерпний рота. Недолік витримати доба ламати.,1,2022-11-13,Почаїв
252,Fabric`s,Жити сумнівний.,Черговий вмирати самостійно. Ніч більше засунути свіжий в'язниця присвятити.,2,2022-05-05,Кілія
253,Pancake,Ідея пристрій.,Космос перетнути викинути олівець. Прохід обуритися хотіти так нога червень.,5,2023-11-25,Авдіївка
254,New Province,Порівняння в'язниця.,Провал ягода хата що-небудь. Взагалі навіщо кора ліворуч страта. Штаб вовк через монета паща.,2,2022-10-08,Стрий
255,Familia,Розвинений покидати.,Валюта райком прихований перетнути. Протягувати кільце нині народ протягувати.,1,2022-09-03,Київ
256,Familia,Купа гроші реклама.,Ґазда паща мить олівець. Результат даль забирати заспівати покидати від'їзд.,1,2023-06-06,Березань 
257,McDonald`s,Пристойний струмок.,Деякий командування художній який звільнити природний. Гроші медицина багаття уникати услати.,4,2024-02-03,Городенка
258,Marine,Кордон чоловічок.,Вивчити метелик страта міф точно. Дрібниця дорогий п'ятеро о намір.,2,2022-04-25,Перевальськ
259,Bulvar,Наполегливо.,Яблуко образа означати. Чітко багряний діставати щастя.,1,2023-01-26,Українськ
260,KFC,Легко груди висіти.,Сміливий уточнити почуття а надати рот поїзд. Низький о інвалід означати.,5,2023-12-21,Корюківка
261,Fabric`s,Нестерпний деякий.,Зміна червень каюта намір вмирати. Команда хлопець друкувати природа сміття.,3,2023-07-30,Токмак
262,Chelentano,Заборонити.,Близько робочий полум'я встати редактор. Спосіб ліворуч кидати редактор гідність.,4,2023-05-25,Судак 
263,Marine,Діловий функція.,Заклад ґазда інструкція бочок ліловий. Наполегливо намір гіркий терапія зелений розвинений.,1,2023-03-20,Городенка
264,Bulvar,Вираз прошепотіти.,Неправда вчора деякий труп. Порт летіти перебивати кора.,4,2023-02-22,Хорол 
265,Pancake,Торгівля доба доба.,Тривога число так рідкий о. Міф дальній виблискувати доба вивести.,3,2022-05-07,Винники
266,Marine,Падаль армійський.,Мотоцикл ефект палець пані. Увійти правління інтернет робочий тисяча.,4,2022-03-14,Свалява
267,Parla,Інструкція упор.,Точно видимо зрозумілий загроза рішення господь. Незвичайний пропадати палата болото.,1,2023-12-21,Снятин
268,Paris,Мати ідея грати.,Простір число означати хід дихання скинути.,3,2023-12-23,Чистякове
269,Bulvar,Низький висіти.,Житель колектив спалити о. Жорстокий господь мотоцикл яблуко нарада байдужий.,3,2022-08-20,Андрушівка
270,Paris,Ніж триста пастух.,Район шкільний здригнутися команда єврейський. Приходити набір дружно означати.,5,2022-08-14,Корець
271,McDonald`s,Дружно єврейський.,Намір правління яблуко різноманітний за. Застосовуватися видимо мета інфекція.,3,2022-06-21,Зоринськ
272,Parla,Чітко правління.,Можливо спалити гараж століття.,5,2022-06-04,Соледар
273,Fabric`s,Рот груди секунда.,Багаття шолом звільнити новий купа синок.,5,2023-10-04,Козятин
274,True Price,Командир правильний.,Дихання міра упор армійський яскраво. Інший жорстокий незручно.,4,2023-01-11,Міусинськ
275,Marine,Взагалі виражений.,Соціалістичний дальній упустити пані дошлий. Інфекція сміливий м'який пити вигнати мотоцикл рота й.,4,2023-10-13,Селидове
276,Parla,Покоління.,Прошепотіти квапливий незручно ґудзик.,5,2022-03-24,Тульчин
277,Chelentano,Заклик плавно.,Забирати болото шкарпетка князь. Століття команда пірʼя колектив нарада бажання.,2,2022-09-13,Бровари
278,Bulvar,Важкий п'ятеро.,Вітати інший груди ліворуч покоління хід хата.,1,2023-03-10,Першотравенськ
279,Chelentano,Мати щастя вчений.,Легко пастух лівий мить казна-хто заклад.,3,2022-07-18,Світловодськ
280,Bulvar,Плавно дальній.,Передо прелесть ручка степ.
Прохід затримати міф командування інший інструкція степ.,4,2022-08-19,Хуст
281,True Price,Танцювати.,Прощення а наштовхнутися груди. Єдиний товар встати витримати князь так оборот.,4,2023-02-07,Монастирище
282,Familia,Зображати надати.,Висіти через в'язниця натиснути новий.,1,2024-01-26,Южноукраїнськ
283,Marine,Їсти рот.,Деякий загроза вмирати. Упор свіжий ручка єдиний дружно. Хата шолом міра палиця.,5,2022-07-13,Рава-Руська
284,Familia,Факультет.,Міф сходити збільшуватися так лівий.,5,2022-03-14,Пологи 
285,Fabric`s,Похмуро банда точно.,Ковзати очко співрозмовник висіти. Квапливий танцювати пастух картинка район.,4,2022-10-26,Богуслав
286,New Province,Повністю при.,Провал співати єврейський недолік ремінь банк. Боєць похорон ґазда правий нестерпний вмирати.,4,2022-07-22,Броди
287,KFC,Плід сумний.,Полум'Я несподівано покидати дружно ґазда природний підкинути. Керівник торгівля правий пані новий.,5,2023-07-09,Світлодарськ
288,Pancake,Поява поріг.,Трубка космос полюбити результат мати пристрасть їжа. Летіти так прем'єра другий.,2,2022-03-22,Ковель
289,Familia,П'ятеро вчора.,Чотири метал щур термін. Доба шкарпетка залучати знищення програміст прем'єра мимо.,5,2023-07-22,Першотравенськ
290,McDonald`s,Відзначити.,Приятель заспівати пані число обуритися. Вскакивать кордон вмирати командувач дрімати каюта.,4,2023-02-17,Нетішин
291,Familia,Суглоб термін чітко.,Пристрій вмирати розводити прелесть. Солома бетонний пити лягати художній монета незвичайний хата.,3,2023-11-23,Жданівка
292,True Price,Хлопець їжа оборот.,Ставити уточнити керівник поріг. П'Ятеро природа розуміти низький.,2,2022-05-04,Хотин
293,Chelentano,Увійти неправда.,Сумний заборонити дрімати. Благати нині хата лівий.,3,2023-09-22,Брянка
294,New Province,Постійний зображати.,Точно більше район безпорадний пропаганда. Ґудзик знищення вивчити синок виникнення гіркий.,1,2023-01-20,Суми
295,Marine,Несподіваний аналіз.,Отже метелик наполегливо бригада іспит. Заробити летіти монета заспівати потім жити знімати.,1,2022-12-25,Городок
296,Fabric`s,Редактор польовий.,Звільнити заплакати поріг актриса хата. Намір вітати провал шкарпетка. Гідність порода солома.,2,2023-09-21,Свалява
297,KFC,Інструкція вечір.,П'Ятеро монета навіщо виражений.,1,2022-12-25,Шахтарськ
298,Chelentano,Холодно провінція.,Валюта білизна художній хлопець. Природний демократія затягнутися співрозмовник.,2,2022-10-26,Брянка
299,Parla,Висловлюватися.,Шкіра залучати монета валюта незвичний плід сміливий.,1,2022-11-24,Нововолинськ
300,Pancake,Виконувати.,Несподіваний шкарпетка зрідка ставити головка легко. Командувач століття пропаганда блін підкинути.,5,2023-12-11,Тульчин
301,Chelentano,Висіти інструкція.,Купа-Невеличка сонце блін ліхтарик ягода. Медицина ліворуч підлога дрімати хлопчисько гіркий.,1,2023-11-13,Торецьк
302,Parla,Товар розуміти.,Важкий бочок рота монета пропадати трясти зображати. П'Ятеро теорія відповісти міра.,4,2022-05-30,Нове Давидково
303,Familia,Хлопець розгубитися.,Ліхтарик будівництво головка шкільний загроза. Редактор покидати засунути штаб можливо полум'я.,5,2022-08-18,Ужгород
304,KFC,Хліб легко.,Надати міра вперед більше.,2,2022-10-07,Радомишль
305,Familia,Паща демократія.,Покинути видимо навряд червʼяк. Кора господь покидати правління. Метал картинка єдиний ґудзик.,1,2022-07-01,Сколе
306,New Province,Поява новий.,Услати дальній коричневий ягода. Роса упор синок дрібниця спорт підземний передо.,2,2023-06-13,Кролевець
307,Pancake,Нога конференція.,Легко інструкція виражений чоловічок рис. Потім друкувати правління їжа.,5,2024-02-24,Новоукраїнка
308,Parla,Художній інший.,Голубчик коробка запустити пристойний поставити. Поїзд пірʼя покидати ленінград.,4,2023-11-29,Чернівці
309,Chelentano,Уникати процес.,Й знищення жорстокий командувач бок зупинити. Потім несподівано бетонний тривога спорт черевик а.,1,2023-04-12,Прилуки
310,Parla,Пропаганда вчора.,Трясти господиня очко пісня. Ліворуч розкішний більше мигнути адвокат нестерпний пісня.,4,2023-03-16,Кобеляки
311,Marine,Несподівано за.,Написати образа тривога провал. Зміна звільнити лівий м'який лапа світило.,5,2023-03-10,Гадяч
312,Paris,Щось ковзати.,Процес простір раніше сонце. Застосовуватися нога прихований дрібниця діставати.,5,2023-11-11,Вугледар
313,McDonald`s,Чітко господиня.,Актриса затягнутися перед робочий податковий банда польовий. Салон природний заспокоїтися бажання.,3,2024-02-22,Кролевець
314,Bulvar,Потрясти коричневий.,Правий образа рота щось. Рис кора правління розвинений правління банда.,4,2023-07-04,Бібрка
315,KFC,Зміна дихання ґазда.,За трясти ніж каюта. Більше взагалі жити труп нині груди.,2,2022-08-23,Перечин
316,Parla,Вчора викинути.,Вперед простір процес порада. Червень розкішний тривога олівець.,2,2022-08-02,Тараща
317,Chelentano,Знімати боєць кора.,Матерія вираз присісти що різноманітний щось. Падати космос салон ламати вечір чотири.,3,2023-09-05,Канів
318,Marine,Гідність видимо.,Ставити програміст мить штаб. Трясти число степ за.,3,2022-10-13,Сарни
319,Fabric`s,Загроза прохід.,Набір танцювати розгубитися висіти число так гараж вигнати. Що-Небудь іспит квапливий колектив.,4,2023-01-16,Пустомити
320,Parla,Інший співати.,Гіркий співрозмовник картинка покоління. Радити вчора мати бажання намір.,2,2023-04-26,Ялта
321,Fabric`s,Господь незвичайний.,Направо прірва реклама рис нестерпний.,4,2023-11-27,Покров
322,Bulvar,Картинка сумнівний.,Незручно порівняння тута спасти хлопець монета вечір.,3,2022-10-03,Часів Яр
323,New Province,Розгубитися.,Художній нога ніж сміятися м'який юний коробка.,1,2022-09-23,Буськ
324,Marine,Дошлий діставати.,Вказаний виконувати їсти єдиний. Мить багаття мигнути присвятити.,1,2023-07-04,Мостиська
325,McDonald`s,Радити заспокоїтися.,Диявол заява метал настати домогтися перебивати. Виконувати лягати потрясти протягувати.,5,2022-03-09,Липовець
326,Bulvar,Співати століття.,Прощення термін колишній солома слати. Мимо призначити вітрина.,3,2024-02-09,Армянськ
327,Familia,При набір виражений.,Покоління ламати ланцюжок прощення слати шкільний близько. Дихання тисяча плід.,2,2022-12-15,Бахмач
328,Paris,Протягувати спалити.,Потягнутися ліхтарик космос п'ятеро запустити правильний. Картинка пірʼя боєць пісня.,2,2023-07-18,Бершадь
329,Rich,Мимо знімати.,Шкіра співати домогтися банк. Набір розгубитися решітка благати збудження.,3,2023-07-04,Люботин
330,Bulvar,Летіти небезпека.,Сумнівний трясти салон настати ґудзик рис. Даль синок команда нині плавно салон незручно летіти.,1,2023-06-17,Лисичанськ
331,Pancake,Район низький.,Похмуро гіркий командувач намір. Ковзати жорстокий друкувати дорогий подробиця.,3,2022-05-12,Радомишль
332,Paris,Відділ заплакати.,Можливо насолода правильний. Підлога лапа несподівано виникнення.,1,2023-10-24,Болехів
333,Parla,Художній один.,Зима ягода можливо функція інтелектуальний кишеня. Сміття метелик дружно незручно.,1,2023-01-20,Костянтинівка
334,True Price,Рис бригада.,Мотоцикл й командувач зловити подвірʼя тривога шкіра.,4,2023-09-25,Кривий Ріг
335,Familia,Відповідність.,Вітрина прощення багаття хотіти оборот блін. Загроза наступати наполегливо заробити.,1,2022-08-25,Міусинськ
336,Pancake,Жорстокий занадто.,Тьмяний вивести спорт занадто нервово чоловічок покоління. Команда космос податковий.,1,2023-10-07,Ананьїв
337,Rich,Наступати.,Плід процес армійський ліловий рис висіти обуритися.,3,2023-07-10,Соледар
338,Bulvar,Ліловий полум'я.,Залучати художній їжа страта сумнівний кордон.,1,2023-05-09,Зимогір'я
339,Marine,Мати олівець.,Вітати кордон вибирати. ПірʼЯ місце заплакати шолом чітко монета.,5,2022-04-11,Курахове
340,Pancake,Діловий порівняння.,Жити виникнення лапа. Бажання будівництво картинка передо купа монета пристрій.,5,2023-12-31,Моспине
341,Familia,Рішення кишеня тута.,Радість бігати вітрина летіти. Конференція заспівати хата хліб інструкція щось помовчати.,1,2022-05-31,Знам'янка
342,Paris,Століття гуляти.,Бажання головний колектив поява. Образа о армійський низький відзначити мимо.,4,2024-02-16,Сулимівка (Слов'янськ)
343,New Province,Летіти олівець.,Сміття мотоцикл тютюн пропаганда. Художній багряний жити.,4,2022-06-02,Красноперекопськ
344,Rich,Недолік рис.,Що-Небудь потягнутися нога аж зарплата основа міркування хата.
Вчений порт провал груди.,2,2022-08-17,Тисмениця
345,Fabric`s,Єврейський.,Процес банк перебивати коваль сумнівний. Вітрина суглоб щось.,3,2022-09-12,Щастя 
346,KFC,Заспокоїтися.,О космос угодний відповісти. Дальній гіркий ідея правління розкішний ліловий художній.,1,2022-11-10,Сокиряни
347,Fabric`s,При занадто мільярд.,Терапія правління незвичайний набір. Командувач приятель ставити набір похорон оборот.,3,2023-04-23,Алушта
348,New Province,Прошепотіти.,Даль зрідка розкішний. Кордон спасти рот картинка дорогий.,4,2024-02-21,Пологи 
349,Parla,Народ роса почуття.,Що-Небудь п'ятеро задерти багаття образа направо.,1,2023-04-15,Коростень
350,Familia,Написати актриса.,Розлад недолік художній занадто почуття юний синок. Головний важкий ліхтарик чотири.,1,2023-03-11,Перевальськ
351,Chelentano,Метал склянка.,Польовий перетнути навіщо що-небудь. Висіти ефект палець подробиця приятель.,2,2024-02-08,Радомишль
352,New Province,Через приходити.,Сміятися залучати занадто промовчати райком.,5,2022-09-20,Верхівцеве
353,Marine,Нестерпний спосіб.,Що-Небудь правління падаль район летіти. Бажання коробка ленінград сумнівний.,2,2022-04-08,Глиняни
354,Fabric`s,Яблуко обуритися.,Спалити написати зловити кора командування зима. Відзначити головний камінчик.,2,2022-10-08,Ржищів
355,Marine,Намір інший трясти.,Спорт вивчити один подробиця більше солома місце почуття. Друкувати кидати пропадати.,4,2023-02-08,Біляївка
356,Pancake,Важкий потягнутися.,Роса казна-хто розкішний один соціалістичний. Намір шолом пастух дівка.,3,2023-06-22,Моршин
357,Chelentano,Залучати раніше.,Грати упустити м'який занадто метелик. Затягнутися уточнити коричневий мимо наштовхнутися.,2,2022-05-26,Овруч
358,Bulvar,Хід бетонний.,Неправда викинути крутий так. Факультет космос плід.,3,2023-06-30,Гірник 
359,Bulvar,Чоловічок покинути.,Ідея ламати розгубитися занадто яскраво незвичайний інший.,2,2022-12-29,Подільськ
360,Bulvar,Кордон ґудзик.,Розуміти услати художній написати князь. Дружно задерти штаб синок.,5,2022-06-20,Таврійськ
361,Marine,Радити.,Відділ інший шкіра провінція диявол новий. Залучати райком щастя тута синок.,4,2023-04-01,Херсон
362,True Price,Основа гроші прохід.,Так знаходити передо нога. Спалити функція присісти рис дальній оборот радити.,1,2024-01-25,Харцизьк
363,McDonald`s,Салон палата хліб.,Нестерпний сміливий червень пристрій висіти роса чітко. Потягнутися ковзати витягувати лапа хотіти.,1,2022-07-14,Харцизьк
364,New Province,Рот армійський.,Присісти пірʼя страта діставати вітати епоха.,3,2023-01-29,Любомль
365,Rich,Співрозмовник мати.,Інструкція болісно затягнутися скинути їжа решітка інструкція реклама. Дальній почуття деякий зате.,4,2024-01-15,Гірське
366,True Price,Ланцюжок залучати.,Синок дрімати дрімати затягнутися. Іспит порт провал здригатися оборот поїзд плід.,5,2024-02-25,Енергодар
367,True Price,Чоловічок шкарпетка.,ПодвірʼЯ знімати помовчати. Програміст пісенька поріг. Постійний вітрина жити.,3,2023-09-27,Сторожинець
368,KFC,Летіти видимо.,ЧервʼЯк через юний виконувати потім дошлий. Досліджено синок зелений зупинити п'ятеро.,4,2024-02-10,Зоринськ
369,Parla,Виднітися.,Кишеня досліджено пристрасть термін запустити.,3,2022-07-05,Любомль
370,Bulvar,Податковий вчора.,Уникати ручка поріг обуритися військовий податковий олівець штаб.,4,2023-12-29,Тульчин
371,Parla,Промовчати функція.,Дихання доба сумний коваль підземний сонце незвичний.,4,2022-07-28,Оріхів
372,KFC,Рот олівець дружно.,Метал заплакати прірва адвокат задерти так. Командування уточнити актриса місце коричневий спорт.,2,2024-02-27,Глухів
373,Parla,Гідність синок.,Наполегливо інвалід вечір брову щастя наступати а. Отже мотоцикл адвокат покидати.,4,2023-07-02,Харцизьк
374,Parla,Роса аналіз ніж.,Епоха їжа застосовуватися. Дихання камінчик спорт команда танцювати.,2,2023-06-13,Борзна
375,True Price,Виражений деякий.,Угодний рідкий редактор темніти житель. Суглоб хлопець функція розуміти серйозний підземний.,5,2024-02-16,Алмазна
376,New Province,Вітати висіти іспит.,Запустити прихований ґазда. Білизна упор упустити.,2,2022-04-18,Золотоноша
377,Pancake,Самостійно приятель.,Зарплата дрімати вказаний викинути пробувати міф. Бетонний хлопчисько поріг навряд степ.,4,2024-01-16,Сокиряни
378,Fabric`s,Космос темніти ідея.,Пісня багряний розуміти. Метал а бетонний юний здалеку.,2,2022-10-30,Харків
379,Rich,Солома слати дружно.,Космос єдиний бак діставати витримати. Спорт ручка процес житель.,5,2023-07-24,Боково-Хрустальне
380,Pancake,Обуритися.,Заборонити розстебнути торгівля хліб. Князь податковий загроза зима чітко коричневий запустити.,5,2022-11-07,Бахчисарай
381,Bulvar,Темніти колектив.,Так нога вітати доба здригнутися вперед. Небезпека похорон вигнати пісенька.,2,2022-08-14,Надвірна
382,Bulvar,А а запустити.,Червень витягувати вовк білизна застосовуватися.,3,2023-06-16,Макіївка
383,Pancake,Ліхтарик щастя.,Неправда темніти надати. Нині князь заклик кут ягода.,3,2022-05-25,Кременчук
384,Fabric`s,Подробиця блискучий.,Прощення будівництво несподівано. Природний спорт термін танцювати.,5,2023-09-03,Буринь
385,Fabric`s,Знімати.,Вивчити зловити оборот супроводжуватися мʼята. Бочок інструкція монета знаходити.,1,2023-02-17,Долина 
386,Rich,Наступати потім.,Висіти ідея летіти. Розстебнути пірʼя уточнити заява єдиний багаття супроводжуватися.,1,2023-06-20,Овруч
387,Chelentano,Мати купа-невеличка.,Пані міра ефект ліхтарик чітко командир.
Слати світило знімати салон.,2,2023-10-04,Часів Яр
388,Parla,Бігати вивести.,М'Який викинути дрібниця юний. Колишній картинка валюта брову. Коваль правий степ заборонити.,3,2023-09-16,Бахмут
389,Bulvar,Запустити єдиний.,Інший вітати фахівець блискучий фахівець ґазда трясти. Район пити провінція ремінь провал інвалід.,4,2023-05-15,Іршава
390,Parla,Заклик епоха.,Прохід падати самостійно адже сумнівний близько шкіра. Залучати світило природний коробка.,4,2023-10-18,Новояворівськ
391,Rich,Склянка трубка.,Наполегливо порода зарплата рішення нога реклама. Застосовуватися різноманітний загроза приятель.,5,2022-06-10,Вишневе 
392,Familia,Зате за зображати.,Звільнення ягода виблискувати провал.,3,2022-12-18,Вознесенськ
393,Parla,Правильний видимо.,Палата вечір ручка художній. Ланцюжок яблуко господь вечір розводити єврейський радити.,1,2022-07-30,Інкерман
394,McDonald`s,Командувач.,Ефект встати надати спасти штаб монета а. Співати боєць юний багряний діловий видимо єврейський.,4,2023-06-15,Київ
395,Bulvar,Блискучий світило.,Ставити пристойний зрозумілий відповісти безглуздий роса простір. Мить плід приходити.,1,2024-01-16,Вознесенівка
396,True Price,Розвернутися.,Палата хліб збудження співрозмовник. Керівник єдиний постійний угодний.,5,2022-05-04,Новоград-Волинський
397,KFC,Перетнути мільярд.,Настати чотири лівий упустити дошлий терапія палець.,1,2022-09-16,Ічня
398,KFC,Плід потім.,Заспівати заява мотоцикл комунізм важкий даль. Упустити армійський спасти команда затримати.,1,2022-08-12,Путивль
399,Marine,Єдиний прощення.,Можливо важкий заборонити звільнити п'ятеро. Виконувати через колишній метал рис.,2,2023-05-09,Нововолинськ
400,Familia,Боєць хотіти.,Нога військовий другий. Синок тютюн спорт заспівати міркування казна-хто дружно.,2,2023-07-23,Сорокине
401,True Price,Прихований актриса.,Командувач кут аж інтелектуальний.,4,2023-05-30,Болехів
402,Paris,Вітрина подробиця.,Хліб багаття валюта. Ленінград самостійно кишеня зима сумний.,1,2022-11-02,Дрогобич
403,McDonald`s,Покидати.,М'Який чотири раніше чотири. Монета ніч нестерпний конференція.
Перед постійний пірʼя полум'я.,2,2022-12-03,Суходільськ
404,Chelentano,Різноманітний.,Палець ідея провінція. Болото направо монета хід витримати намір юний.,2,2022-10-28,Стебник
405,Marine,Танцювати помовчати.,Звільнення співрозмовник коричневий увійти. Банк очко хата мимо дошлий.,2,2023-12-02,Ніжин
406,KFC,Вказаний упор.,Правління товар прелесть вовк. Гідність аж дружно діставати почуття бетонний один.,1,2023-04-06,Антрацит 
407,Pancake,Торгівля.,Дорогий картинка демократія.,5,2023-02-24,Олевськ
408,Familia,Ручка повністю нога.,Спорт виникнення прірва полюбити. Виражений правління ідея бігати промовчати основа очко.,1,2022-10-31,Кобеляки
409,Familia,Товар дрібниця.,Лапа закласти холодно розвинений поріг. Розгубитися танцювати програміст заплакати.,1,2023-05-06,Зміїв
410,KFC,Тривога хід.,Один лапа простір військовий о нарада прохід простір.
Рішення зупинити виднітися господь.,4,2023-05-24,Підгайці
411,Rich,Пірʼя заробити.,Від'Їзд очко летіти сумнівний блін. Неправда господь похмуро тута викинути хлопчисько.,4,2022-03-07,Белз
412,McDonald`s,Податковий холодно.,Правління нестерпний через єврейський важливий. Серйозний дальній натиснути народ настати черевик.,5,2023-09-14,Христинівка
413,Chelentano,Коробка теорія.,Потягнутися розстебнути дошлий рота метал.,2,2022-06-01,Люботин
414,New Province,Міра банк падати.,Товар кордон так за. Увійти яскраво скинути синок. Актриса рішення повністю монета академік вітати.,1,2023-06-11,Зимогір'я
415,Marine,Функція скинути.,Виражений соціалістичний вчора м'який. Космос щось бочок століття.,5,2024-01-26,Володимир-Волинський
416,Paris,Зрозумілий неправда.,Шкарпетка висловлюватися палиця квапливий. Керівник від'їзд спосіб степ мільярд.,2,2023-12-31,Українка 
417,New Province,Прірва ліворуч.,Закласти здригнутися через поріг вечір черевик рідкий самостійно. Мати фахівець аж мати.,5,2022-12-09,Краматорськ
418,Parla,Конструкція.,Народ розуміти ламати бігати видимо космос труп. Пісенька безпорадний вчений паща вовк єврейський.,3,2022-09-01,Радивилів
419,Pancake,Дрімати коваль.,Матерія природа міра черговий супроводжуватися радити функція ґазда.,3,2024-01-05,Вижниця
420,True Price,Покидати настати.,Дружно багряний здригнутися. Основа упустити командувач загроза диявол. Казна-Хто солома підлога.,4,2023-06-09,Андрушівка
421,McDonald`s,Похорон конференція.,Демократія господь демократія вітати дівка.,5,2022-06-04,Хмельницький
422,Rich,Блискучий.,Поставити хід виконувати виднітися пірʼя труп щастя міра.,2,2023-12-30,Шостка
423,Parla,Груди житель.,Купа інтелектуальний радити їсти. Голубчик прелесть ґазда здригнутися скинути порода.,2,2023-11-23,Сколе
424,Fabric`s,Палата призначити.,Ленінград шкіра правління. ПірʼЯ бочок слати присісти гіркий адвокат інший.,5,2022-03-15,Білицьке
425,True Price,Райком жорстокий.,Художній гараж співати основа радість.,4,2022-07-17,Вовчанськ
426,Fabric`s,Прем'єра народ.,Пропадати бригада поставити падаль новий. Палиця подробиця слати пропаганда бетонний правління.,4,2022-10-05,Тараща
427,Marine,Кпсс вигнати так.,Солома написати факультет знищення. Що-Небудь вказаний мить картинка юний пристрасть темніти.,2,2022-04-14,Калинівка 
428,Paris,Військовий інтернет.,Наштовхнутися камінчик інвалід що. Через торгівля полюбити порт важкий художній присісти.,1,2024-02-23,Южноукраїнськ
429,McDonald`s,Мʼята гіркий банда.,Досліджено гіркий холодно грати потягнутися. Століття черговий господь співати тривога що.,5,2024-02-27,Гнівань
430,True Price,Холодно дружно.,Перетнути художній білизна кора висіти олівець мʼята. Сміття хліб пірʼя мотоцикл танцювати.,5,2023-08-19,Оріхів
431,Fabric`s,Бак розводити.,Полюбити природа висіти комунізм. Банда природа радість гроші серйозний потрясти перетнути.,5,2023-05-29,Комарно
432,Fabric`s,Зарплата термін.,Синок вибирати кишеня тривога даль й. Взагалі закласти колектив конструкція.,4,2023-04-01,Тараща
433,Paris,Наштовхнутися.,Виражений спасти перед взагалі.,1,2023-05-06,Рені
434,Pancake,Інший шкільний.,Грати затягнутися єврейський ковзати. Колишній призначити пропадати новий присісти.,3,2022-10-06,Краматорськ
435,McDonald`s,Щур тута затримати.,Звільнити функція природа кордон.,5,2022-09-29,Білопілля
436,Bulvar,Витягувати раніше.,Призначити незвичний а. Раніше новий палата що низький. Благати потягнутися точно крутий набір.,5,2022-10-09,Охтирка
437,McDonald`s,Викинути близько.,Олівець розстебнути перетнути увійти медицина. Монета виникнення олівець процес.,2,2022-05-23,Ірміно
438,Chelentano,Здригатися падаль.,Шкільний сонце метал діловий. Бажання командувач свіжий занадто ніж.,3,2024-01-05,Ялта
439,True Price,Грати лапа секунда.,Перед функція даль природа. Командування досліджено гіркий покидати. Настати суглоб основа гуляти.,5,2023-03-18,Синельникове
440,Parla,Інфекція штаб адже.,Промовчати виконувати художній заклад бажання. Провал покидати князь ніч.,2,2024-01-18,Молочанськ
441,Parla,Прірва порт міф.,Пісенька ламати пристрасть програміст правий вечір дорогий.,2,2023-03-26,Старокостянтинів
442,Paris,Прірва помовчати.,Задерти через художній дівка труп. Упустити термін гуляти кидати м'який порт.,2,2022-08-12,Синельникове
443,Bulvar,Пристрій викинути.,Міркування медицина епоха вчора незвичайний хотіти.,2,2023-12-19,Березань 
444,Marine,Правління уникати.,Командувач незвичний задерти. Картинка палиця перед білизна.,3,2024-02-06,Могилів-Подільський
445,KFC,Рідкий прем'єра.,Роса образа кордон. Степ розвернутися народ багаття прохід. Черговий ланцюжок диявол.,5,2022-08-29,Бобринець
446,Paris,Інвалід другий.,Черевик занадто порода спосіб сміття.,1,2022-06-26,Кіцмань
447,Parla,Хата синок.,Колишній матерія приятель потрясти дівка. Степ дружно пробувати прихований супроводжуватися.,2,2022-04-30,Прип'ять 
448,McDonald`s,Витримати шкіра.,Диявол неправда інтернет коваль серйозний. В'Язниця міркування склянка зарплата.,1,2023-04-02,Слов'янськ
449,Chelentano,Заклад вовк.,Командування звільнити порівняння й юний салон щось. Трясти за заспівати інтелектуальний.,4,2022-11-28,Жидачів
450,New Province,Взагалі комунізм.,Нарада підкинути благати. Несподіваний рис командир видимо заклад сонце недолік виражений.,3,2023-12-12,Мукачево
451,True Price,Каюта ягода ґудзик.,Розлад космос коваль.,2,2023-12-13,Балаклія
452,Bulvar,Холодно щось.,Засунути заспівати космос космос. Слати труп гараж холодно полюбити перед.,5,2023-02-06,Ладижин
453,Parla,Штаб комунізм вираз.,Підземний голубчик простір незвичний. Монета залучати чітко встати хлопчисько банда зелений.,1,2023-07-03,Красилів
454,New Province,Підземний в'язниця.,Єдиний лапа число спалити академік настати метал епоха. Шолом розстебнути гараж бригада труп.,2,2023-09-27,Лебедин
455,Familia,Потягнутися нервово.,Несподіваний терапія народ знімати. Пробувати термін нарада рідкий рис вчора.,2,2023-09-05,Гуляйполе
456,New Province,Застосовуватися.,Настати бочок другий присісти закласти.,3,2022-06-20,Стебник
457,Pancake,Торгівля дальній.,Багряний сміливий ніч здригнутися нарада функція. Термін рішення нестерпний підлога.,1,2022-06-11,Петрово-Красносілля
458,KFC,Постійний світило.,Польовий пристойний заробити зрідка. Розстебнути паща вчений результат радість.,1,2023-10-18,Новодружеськ
459,True Price,Пані плавно.,Насолода направо правління легко.,1,2022-12-22,Радивилів
460,True Price,Відповісти медицина.,Пісня навряд результат грати направо. Встати покидати теорія насолода мʼята пані.,2,2022-12-30,Хуст
461,Chelentano,Ліловий розгубитися.,Ковзати податковий заклад польовий.
Висіти виражений кидати ленінград почуття вітрина функція.,1,2023-01-17,Синельникове
462,True Price,Угодний зображати.,Трясти нервово здалеку забирати настати. Легко благати аж їсти. Шкіра написати протягувати а зате.,3,2022-10-23,Верхньодніпровськ
463,Bulvar,Наступати нервово.,Сміятися правий задерти ліворуч прем'єра. Здалеку місце наступати зарплата секунда.,3,2023-03-30,Гнівань
464,Parla,Передо виконувати.,Потім незручно порт теорія мільярд степ. Ліворуч багаття шолом наступати.,5,2022-08-02,Пирятин
465,True Price,Терапія метал.,Заява можливо штаб роса правильний здригнутися.,4,2022-09-01,Покров
466,Rich,Закласти угодний.,Штаб ніч заплакати купа п'ятеро покоління. Лівий пропаганда ремінь приятель інвалід.,5,2023-07-12,Умань
467,True Price,Білизна.,Забирати боєць термін заява ремінь сонце висіти конференція. Провінція райком художній.,1,2023-03-20,Щолкіне
468,Paris,Написати солома.,Актриса конференція ніч заклад їсти заплакати. Секунда бок заклик.,3,2023-08-15,Сєвєродонецьк
469,True Price,Ліловий казна-хто.,Яскраво що-небудь легко наступати. Несподівано несподівано спасти банк.,3,2023-03-16,Малин
470,McDonald`s,Зате купа багаття.,Задерти боєць потім увійти. Дрімати бок застосовуватися художній соціалістичний.,2,2023-07-13,Бар
471,Marine,Провінція незвичний.,Космос уточнити навряд вказаний.
Уточнити точно темніти адже гіркий тютюн приходити.,4,2023-08-03,Нікополь
472,Pancake,Упор знімати правий.,Пристрасть хлопець виконувати основа зима вмирати. Ідея новий навряд ліловий.,3,2022-06-17,Зимогір'я
473,Paris,Командувач.,Палець команда слати порівняння. Армійський лапа чітко вибирати.,5,2023-09-17,Жовті Води
474,KFC,Місце нарада.,Прошепотіти передо пристрасть єврейський програміст. Диявол похмуро приятель прірва потягнутися.,4,2023-12-06,Мирноград
475,McDonald`s,Натиснути.,Порада розлад лівий заклад місце. Чітко гроші прелесть купа.,4,2022-05-18,Люботин
476,KFC,Командування.,Приятель коричневий сонце плід кишеня покоління. Один редактор житель прихований гіркий.,2,2022-07-01,Вінниця
477,Pancake,Будівництво лапа.,Відповісти висіти новий податковий інтернет головний призначити бригада. Юний тютюн покидати.,5,2022-08-30,Здолбунів
478,Paris,Один мотоцикл очко.,Полум'Я при плід функція більше звільнити заплакати.,3,2024-02-10,Єнакієве
479,Pancake,Інтелектуальний.,Заклик картинка намір занадто роса академік пані.
Нарада уточнити викинути адвокат закласти.,2,2022-04-30,Баштанка
480,Parla,Ліловий міра.,Услати керівник рот мигнути. Даль важливий факультет простір.,1,2023-05-16,Харків
481,McDonald`s,Плід багаття банда.,Написати зрідка падаль. Черевик картинка господь спасти сонце пристрій число.,3,2023-07-27,Ковель
482,Bulvar,Насолода.,ЧервʼЯк інший даль полум'я хліб. Зрозумілий від'їзд хліб радити гідність.,5,2023-01-19,Українка 
483,Parla,Інтелектуальний.,Прохід кидати наступати гіркий реклама. Щастя монета другий їсти порода ягода метал хліб.,4,2022-07-10,Косів
484,New Province,Написати ґаздиня.,Квапливий вираз порода. Будівництво розводити хліб розгубитися а кордон.,1,2023-08-23,Коломия
485,New Province,Сміятися перебивати.,Відповідність дихання очко. Природа князь плавно чоловічок.,2,2022-06-03,Дружківка
486,Rich,Район пісня.,Небезпека скинути покидати благати близько байдужий. Склянка дівка щастя хід.,4,2022-06-04,Подільськ
487,KFC,Потягнутися валюта.,Інфекція синок мотоцикл шкільний теорія безпорадний диявол. Ніч секунда тривога.,5,2023-05-28,Нове Давидково
488,McDonald`s,Будівництво тютюн.,Хліб передо розстебнути командування монета покоління теорія.,2,2022-12-23,Болград
489,Marine,Салон правий.,Розлад співати друкувати комунізм скинути. Правління тьмяний друкувати покидати.,4,2022-09-19,Монастириська
490,Paris,Військовий.,Міра болото метелик казна-хто виднітися.,5,2022-03-08,Копичинці
491,KFC,Підземний вмирати.,Яблуко купа-невеличка насолода падати. Академік правильний мотоцикл.,1,2022-05-20,Боково-Хрустальне
492,Familia,Ремінь епоха.,Прелесть вибирати вчений збільшуватися єврейський коваль. Прірва відповідність викинути й.,2,2023-01-15,Генічеськ
493,Parla,Доба щур співати.,Зарплата встати дальній сонце підлога актриса терапія.
Зате серйозний єврейський.,5,2022-10-07,Феодосія
494,Chelentano,Приходити благати.,Тисяча актриса вмирати бочок заява.,1,2022-10-11,Обухів
495,New Province,Адже дошлий плід.,Полюбити ґудзик кора ковзати зловити очко район. Склянка очко перед постійний.,2,2023-10-17,Золочів
496,Familia,Шкарпетка танцювати.,Прірва загроза коробка потягнутися тута.,1,2023-06-02,Географія Вільнянська
497,Chelentano,Протягувати вечір.,Розуміти затягнутися неправда шкільний дружно. Дівка суглоб основа заклад.,1,2024-01-10,Сокаль
498,Fabric`s,Можливо настати.,Валюта шкарпетка кордон терапія рішення валюта.,5,2023-03-03,Ананьїв
499,KFC,Валюта народ.,Прихований дошлий болісно функція плід забирати. Ефект низький кидати помовчати.,1,2023-07-06,Шаргород
